09.11.2015;218422388.0
10.11.2015;170267413.0
11.11.2015;22380435.0
13.11.2015;165876819.0
16.11.2015;154134885.0
17.11.2015;149451211.0
18.11.2015;148037721.0
19.11.2015;136702518.0
20.11.2015;156610433.0
23.11.2015;130871603.0
24.11.2015;134562905.0
26.11.2015;226632193.0
27.11.2015;154863047.0
30.11.2015;223041699.0
01.12.2015;142945421.0
02.12.2015;130207404.0
03.12.2015;129628400.0
04.12.2015;157231681.0
07.12.2015;141893279.0
08.12.2015;139318392.0
09.12.2015;144315690.0
10.12.2015;145249292.0
11.12.2015;172996480.0
14.12.2015;153492615.0
15.12.2015;138479057.0
16.12.2015;159149338.0
17.12.2015;181256780.0
18.12.2015;197319843.0
21.12.2015;130174102.0
22.12.2015;129633328.0
23.12.2015;121480721.0
24.12.2015;96374245.0
28.12.2015;126737811.0
29.12.2015;116535971.0
30.12.2015;110145855.0
31.12.2015;155645098.0
01.01.2016;64843836.0
04.01.2016;138864905.0
05.01.2016;149672973.0
06.01.2016;151715828.0
07.01.2016;194732861.0
08.01.2016;162348690.0
11.01.2016;194836791.0
12.01.2016;168975973.0
13.01.2016;221908258.0
14.01.2016;206988549.0
15.01.2016;203643071.0
18.01.2016;240798183.0
19.01.2016;194068339.0
20.01.2016;232614141.0
21.01.2016;248113284.0
22.01.2016;236282061.0
25.01.2016;168202502.0
27.01.2016;193389891.0
28.01.2016;283036298.0
29.01.2016;307934042.0
01.02.2016;206645021.0
02.02.2016;237338907.0
03.02.2016;197863301.0
04.02.2016;229563364.0
05.02.2016;257518899.0
08.02.2016;176758985.0
09.02.2016;218730280.0
10.02.2016;254481339.0
11.02.2016;301302956.0
12.02.2016;344210729.0
15.02.2016;365217073.0
16.02.2016;261607451.0
17.02.2016;268017961.0
18.02.2016;254331498.0
19.02.2016;198206480.0
22.02.2016;159162842.0
23.02.2016;200396978.0
24.02.2016;205898417.0
25.02.2016;291932544.0
26.02.2016;213142575.0
29.02.2016;487969285.0
01.03.2016;283561570.0
02.03.2016;348965708.0
03.03.2016;287248532.0
04.03.2016;290441230.0
08.03.2016;264945393.0
09.03.2016;252709391.0
10.03.2016;231584305.0
11.03.2016;204806572.0
14.03.2016;172067214.0
15.03.2016;199653871.0
16.03.2016;201430035.0
17.03.2016;247043954.0
18.03.2016;244727490.0
21.03.2016;202853386.0
22.03.2016;215355848.0
23.03.2016;205794773.0
28.03.2016;249905118.0
29.03.2016;223493457.0
30.03.2016;239843751.0
31.03.2016;391914059.0
01.04.2016;189571551.0
04.04.2016;160277940.0
05.04.2016;210126897.0
06.04.2016;170653808.0
07.04.2016;241684050.0
08.04.2016;147816460.0
11.04.2016;185353268.0
12.04.2016;168508978.0
13.04.2016;227217288.0
18.04.2016;190258561.0
20.04.2016;211630060.0
21.04.2016;230577117.0
22.04.2016;188988540.0
25.04.2016;150776959.0
26.04.2016;208656803.0
27.04.2016;213174058.0
28.04.2016;301485186.0
29.04.2016;251227047.0
02.05.2016;150818181.0
03.05.2016;192271370.0
04.05.2016;205939089.0
05.05.2016;190792828.0
06.05.2016;168662226.0
09.05.2016;165616829.0
10.05.2016;166957276.0
11.05.2016;220712496.0
12.05.2016;157444918.0
13.05.2016;185061782.0
16.05.2016;211547775.0
17.05.2016;189140810.0
18.05.2016;161169418.0
19.05.2016;175711829.0
20.05.2016;161889432.0
23.05.2016;177347948.0
24.05.2016;151538169.0
25.05.2016;181636649.0
26.05.2016;272456307.0
27.05.2016;268963949.0
30.05.2016;255086293.0
31.05.2016;485645737.0
01.06.2016;200371829.0
02.06.2016;187316365.0
03.06.2016;390652017.0
06.06.2016;176885226.0
07.06.2016;249365706.0
08.06.2016;179710369.0
09.06.2016;180293039.0
10.06.2016;187757375.0
13.06.2016;174916286.0
14.06.2016;150042362.0
15.06.2016;174953935.0
16.06.2016;195028743.0
17.06.2016;171842760.0
20.06.2016;173750792.0
21.06.2016;141161921.0
22.06.2016;140268297.0
23.06.2016;158852677.0
24.06.2016;306803641.0
27.06.2016;167462711.0
28.06.2016;175724276.0
29.06.2016;151499716.0
30.06.2016;288031935.0
01.07.2016;170581881.0
04.07.2016;158955823.0
05.07.2016;143253937.0
07.07.2016;160327315.0
08.07.2016;142159935.0
11.07.2016;154399933.0
12.07.2016;189339750.0
13.07.2016;201492184.0
14.07.2016;158738499.0
15.07.2016;228598684.0
18.07.2016;169400452.0
19.07.2016;173050805.0
20.07.2016;165349380.0
21.07.2016;154575685.0
22.07.2016;147619642.0
25.07.2016;154631398.0
26.07.2016;159563469.0
27.07.2016;189796380.0
28.07.2016;240721865.0
29.07.2016;161935155.0
01.08.2016;194186858.0
02.08.2016;174556789.0
03.08.2016;168033073.0
04.08.2016;169780463.0
05.08.2016;162784913.0
08.08.2016;177877012.0
09.08.2016;206261255.0
10.08.2016;178963496.0
11.08.2016;195114539.0
12.08.2016;272014034.0
16.08.2016;231771409.0
17.08.2016;179540691.0
18.08.2016;169431656.0
19.08.2016;197770568.0
22.08.2016;156976546.0
23.08.2016;193302503.0
24.08.2016;154168043.0
25.08.2016;219736214.0
26.08.2016;152146666.0
29.08.2016;133723771.0
30.08.2016;154828719.0
31.08.2016;373422334.0
01.09.2016;246336047.0
02.09.2016;197385217.0
06.09.2016;201617132.0
07.09.2016;299145644.0
08.09.2016;223937056.0
09.09.2016;181344327.0
12.09.2016;190199613.0
14.09.2016;189984289.0
15.09.2016;149889703.0
16.09.2016;274039556.0
19.09.2016;135814177.0
20.09.2016;140718486.0
21.09.2016;153441330.0
22.09.2016;178136644.0
23.09.2016;191618169.0
26.09.2016;169050086.0
27.09.2016;156100521.0
28.09.2016;170643694.0
29.09.2016;384395249.0
30.09.2016;187333285.0
03.10.2016;141472076.0
04.10.2016;189990151.0
05.10.2016;162103951.0
06.10.2016;168713605.0
07.10.2016;155053800.0
10.10.2016;111794053.0
13.10.2016;218861324.0
14.10.2016;167848947.0
17.10.2016;203516577.0
18.10.2016;216626083.0
19.10.2016;177397872.0
20.10.2016;165952091.0
21.10.2016;162162047.0
24.10.2016;161966274.0
25.10.2016;195696479.0
26.10.2016;226133074.0
27.10.2016;250336333.0
28.10.2016;180906084.0
30.10.2016;16610872.0
01.11.2016;170068995.0
02.11.2016;160130480.0
03.11.2016;175773254.0
04.11.2016;231783152.0
07.11.2016;178070534.0
08.11.2016;201759648.0
09.11.2016;323968654.0
10.11.2016;271196930.0
11.11.2016;275221694.0
15.11.2016;370298063.0
16.11.2016;277801233.0
17.11.2016;197183084.0
18.11.2016;166199545.0
21.11.2016;225608889.0
22.11.2016;216677654.0
23.11.2016;186602328.0
24.11.2016;268619026.0
25.11.2016;183355873.0
28.11.2016;195595287.0
29.11.2016;195618384.0
30.11.2016;255725357.0
01.12.2016;162597213.0
02.12.2016;176767415.0
05.12.2016;130435865.0
06.12.2016;118854323.0
07.12.2016;175024334.0
08.12.2016;146857616.0
09.12.2016;154344775.0
12.12.2016;111432551.0
13.12.2016;189739559.0
14.12.2016;149132520.0
15.12.2016;187425988.0
16.12.2016;209268331.0
19.12.2016;110669713.0
20.12.2016;132026742.0
21.12.2016;127543733.0
22.12.2016;126409580.0
23.12.2016;127921701.0
26.12.2016;110171222.0
27.12.2016;122463312.0
28.12.2016;130580701.0
29.12.2016;183984077.0
30.12.2016;131457250.0
02.01.2017;122016111.0
03.01.2017;131186021.0
04.01.2017;136476345.0
05.01.2017;163957452.0
06.01.2017;143689850.0
09.01.2017;102211190.0
10.01.2017;147312927.0
11.01.2017;192285417.0
12.01.2017;177948383.0
13.01.2017;190949616.0
16.01.2017;127938836.0
17.01.2017;125781216.0
18.01.2017;168867039.0
19.01.2017;170956149.0
20.01.2017;208901233.0
23.01.2017;200993100.0
24.01.2017;184745781.0
25.01.2017;301490150.0
27.01.2017;283905821.0
30.01.2017;314110760.0
31.01.2017;537110119.0
01.02.2017;337797412.0
02.02.2017;292329202.0
03.02.2017;196936238.0
06.02.2017;200403782.0
07.02.2017;233294532.0
08.02.2017;225485726.0
09.02.2017;193282248.0
10.02.2017;232947341.0
13.02.2017;211180353.0
14.02.2017;194133563.0
15.02.2017;222828919.0
16.02.2017;190277738.0
17.02.2017;307526025.0
20.02.2017;173022362.0
21.02.2017;181091326.0
22.02.2017;254677956.0
23.02.2017;388874096.0
27.02.2017;195847099.0
28.02.2017;302722890.0
01.03.2017;212328974.0
02.03.2017;225608140.0
03.03.2017;208915878.0
06.03.2017;180194586.0
07.03.2017;178827506.0
08.03.2017;183325544.0
09.03.2017;176810453.0
10.03.2017;157419999.0
14.03.2017;278726933.0
15.03.2017;248033251.0
16.03.2017;215096446.0
17.03.2017;295554265.0
20.03.2017;342395900.0
21.03.2017;255396073.0
22.03.2017;239463699.0
23.03.2017;197705274.0
24.03.2017;210021581.0
27.03.2017;209036051.0
28.03.2017;188985603.0
29.03.2017;250902906.0
30.03.2017;333410368.0
31.03.2017;196771674.0
03.04.2017;143444541.0
05.04.2017;190529461.0
06.04.2017;191937207.0
07.04.2017;195918747.0
10.04.2017;139968750.0
11.04.2017;206261727.0
12.04.2017;166755013.0
13.04.2017;171695600.0
17.04.2017;132244225.0
18.04.2017;179569574.0
19.04.2017;179117382.0
20.04.2017;175629897.0
21.04.2017;159981265.0
24.04.2017;172908048.0
25.04.2017;173896951.0
26.04.2017;191395120.0
27.04.2017;215881711.0
28.04.2017;167229353.0
02.05.2017;166558241.0
03.05.2017;156342492.0
04.05.2017;277895923.0
05.05.2017;239133531.0
08.05.2017;179709949.0
09.05.2017;136417428.0
10.05.2017;157363135.0
11.05.2017;176439840.0
12.05.2017;159079418.0
15.05.2017;145163953.0
16.05.2017;171709433.0
17.05.2017;211856040.0
18.05.2017;199340647.0
19.05.2017;259861396.0
22.05.2017;202874757.0
23.05.2017;231345629.0
24.05.2017;218265181.0
25.05.2017;298147347.0
26.05.2017;225647631.0
29.05.2017;242266034.0
30.05.2017;199894193.0
31.05.2017;427053433.0
01.06.2017;181533283.0
02.06.2017;167195027.0
05.06.2017;131685021.0
06.06.2017;150379695.0
07.06.2017;165669924.0
08.06.2017;160165459.0
09.06.2017;163897548.0
12.06.2017;145786938.0
13.06.2017;133734363.0
14.06.2017;187378750.0
15.06.2017;176423424.0
16.06.2017;219808528.0
19.06.2017;146146062.0
20.06.2017;164437226.0
21.06.2017;148490556.0
22.06.2017;204888654.0
23.06.2017;180580579.0
27.06.2017;209593904.0
28.06.2017;177652206.0
29.06.2017;267283587.0
30.06.2017;185202600.0
03.07.2017;188690599.0
04.07.2017;149313755.0
05.07.2017;134849476.0
06.07.2017;152001940.0
07.07.2017;146232151.0
10.07.2017;40142973.0
11.07.2017;185322358.0
12.07.2017;150045594.0
13.07.2017;186866752.0
14.07.2017;164456602.0
17.07.2017;168596771.0
18.07.2017;303007860.0
19.07.2017;206376192.0
20.07.2017;166083004.0
21.07.2017;193286125.0
24.07.2017;179905535.0
25.07.2017;191206247.0
26.07.2017;203697844.0
27.07.2017;296782048.0
28.07.2017;197491415.0
31.07.2017;245096535.0
01.08.2017;190000516.0
02.08.2017;166463276.0
03.08.2017;198665837.0
04.08.2017;184082134.0
07.08.2017;141566282.0
08.08.2017;209645343.0
09.08.2017;174395293.0
10.08.2017;242820594.0
11.08.2017;294732998.0
14.08.2017;201613585.0
16.08.2017;226269013.0
17.08.2017;203652311.0
18.08.2017;253931517.0
21.08.2017;211627775.0
22.08.2017;189267122.0
23.08.2017;173815509.0
24.08.2017;190398702.0
28.08.2017;164493772.0
29.08.2017;178668444.0
30.08.2017;162704136.0
31.08.2017;337782004.0
01.09.2017;162730656.0
04.09.2017;153369495.0
05.09.2017;143522342.0
06.09.2017;153767846.0
07.09.2017;194626599.0
08.09.2017;168698771.0
11.09.2017;178409875.0
12.09.2017;188248293.0
13.09.2017;221608053.0
14.09.2017;232637517.0
15.09.2017;274799134.0
18.09.2017;160852680.0
19.09.2017;193345992.0
20.09.2017;205605243.0
21.09.2017;197710666.0
22.09.2017;233621596.0
25.09.2017;228206970.0
26.09.2017;196792799.0
27.09.2017;206305991.0
28.09.2017;396874518.0
29.09.2017;202350211.0
03.10.2017;167833406.0
04.10.2017;160993982.0
05.10.2017;152362417.0
06.10.2017;201858899.0
09.10.2017;148395842.0
10.10.2017;153246570.0
11.10.2017;195593061.0
12.10.2017;207106672.0
13.10.2017;237230047.0
16.10.2017;209327364.0
17.10.2017;201782377.0
18.10.2017;262111790.0
19.10.2017;31086379.0
23.10.2017;224799211.0
24.10.2017;223914325.0
25.10.2017;612620774.0
26.10.2017;443036008.0
27.10.2017;322411410.0
30.10.2017;244193178.0
31.10.2017;239809700.0
01.11.2017;268270466.0
02.11.2017;207735021.0
03.11.2017;206101238.0
06.11.2017;199559409.0
07.11.2017;295830692.0
08.11.2017;282950322.0
09.11.2017;247606613.0
10.11.2017;287962940.0
13.11.2017;216799588.0
14.11.2017;314413476.0
15.11.2017;213836202.0
16.11.2017;188180035.0
17.11.2017;209592893.0
20.11.2017;151751415.0
21.11.2017;191859084.0
22.11.2017;162504058.0
23.11.2017;157651842.0
24.11.2017;133177324.0
27.11.2017;146276512.0
28.11.2017;202050866.0
29.11.2017;157192930.0
30.11.2017;353105240.0
01.12.2017;147765528.0
04.12.2017;153240126.0
05.12.2017;160253042.0
06.12.2017;171208366.0
07.12.2017;171339022.0
08.12.2017;206234019.0
11.12.2017;152034656.0
12.12.2017;180546894.0
13.12.2017;187191964.0
14.12.2017;159103960.0
15.12.2017;262974703.0
18.12.2017;237506982.0
19.12.2017;174340665.0
20.12.2017;180597460.0
21.12.2017;156646972.0
22.12.2017;143119167.0
26.12.2017;160417384.0
27.12.2017;170307122.0
28.12.2017;281309989.0
29.12.2017;156736221.0
01.01.2018;134532090.0
02.01.2018;158092430.0
03.01.2018;172516859.0
04.01.2018;180257392.0
05.01.2018;186469717.0
08.01.2018;174181231.0
09.01.2018;211291563.0
10.01.2018;181900014.0
11.01.2018;158630055.0
12.01.2018;180592153.0
15.01.2018;181262074.0
16.01.2018;217468081.0
17.01.2018;260488465.0
18.01.2018;321609375.0
19.01.2018;214011963.0
22.01.2018;238815813.0
23.01.2018;293445774.0
24.01.2018;292197072.0
25.01.2018;340469462.0
29.01.2018;249220726.0
30.01.2018;234969503.0
31.01.2018;253462573.0
01.02.2018;315743486.0
02.02.2018;291431992.0
05.02.2018;247479157.0
06.02.2018;274656443.0
07.02.2018;258095424.0
08.02.2018;239407938.0
09.02.2018;197502912.0
12.02.2018;224114801.0
14.02.2018;236329440.0
15.02.2018;217090245.0
16.02.2018;190043189.0
19.02.2018;193087737.0
20.02.2018;193464871.0
21.02.2018;241331542.0
22.02.2018;323259078.0
23.02.2018;217134363.0
26.02.2018;177238616.0
27.02.2018;193250158.0
28.02.2018;294794221.0
01.03.2018;181378504.0
05.03.2018;199975720.0
06.03.2018;229782297.0
07.03.2018;257200599.0
08.03.2018;233377712.0
09.03.2018;192333334.0
12.03.2018;223135459.0
13.03.2018;274852794.0
14.03.2018;186991169.0
15.03.2018;179308593.0
16.03.2018;338702439.0
19.03.2018;216670033.0
20.03.2018;209327593.0
21.03.2018;211060429.0
22.03.2018;237632983.0
23.03.2018;294515154.0
26.03.2018;270665332.0
27.03.2018;232713976.0
28.03.2018;354977198.0
02.04.2018;
03.04.2018;211652029.0
04.04.2018;238182921.0
05.04.2018;244116235.0
06.04.2018;206355691.0
09.04.2018;228512954.0
10.04.2018;259523888.0
11.04.2018;258077363.0
12.04.2018;246027888.0
13.04.2018;219724716.0
16.04.2018;200950876.0
17.04.2018;212449535.0
18.04.2018;211823044.0
19.04.2018;270740891.0
20.04.2018;252227268.0
23.04.2018;200203196.0
24.04.2018;225972673.0
25.04.2018;195129613.0
26.04.2018;345536167.0
27.04.2018;306671172.0
30.04.2018;179163468.0
02.05.2018;236757172.0
03.05.2018;190869804.0
04.05.2018;192296041.0
07.05.2018;173620240.0
08.05.2018;278118616.0
09.05.2018;222115640.0
10.05.2018;197988475.0
11.05.2018;209392114.0
14.05.2018;176697512.0
15.05.2018;262202312.0
16.05.2018;238221884.0
17.05.2018;220738923.0
18.05.2018;229908939.0
21.05.2018;197294184.0
22.05.2018;249236637.0
23.05.2018;299919120.0
24.05.2018;306792497.0
25.05.2018;268914888.0
28.05.2018;239786001.0
29.05.2018;232761575.0
30.05.2018;246124259.0
31.05.2018;629198569.0
01.06.2018;227355567.0
04.06.2018;210148313.0
05.06.2018;172898027.0
06.06.2018;195761429.0
07.06.2018;227663151.0
08.06.2018;215942528.0
11.06.2018;217849903.0
12.06.2018;204419184.0
13.06.2018;220003032.0
14.06.2018;190031664.0
15.06.2018;314764425.0
18.06.2018;202727202.0
19.06.2018;231382790.0
20.06.2018;199467082.0
21.06.2018;230507383.0
22.06.2018;236898415.0
25.06.2018;236693278.0
26.06.2018;226846382.0
27.06.2018;253620792.0
28.06.2018;363157327.0
29.06.2018;250327878.0
02.07.2018;304536687.0
03.07.2018;208371545.0
04.07.2018;179268271.0
05.07.2018;227267176.0
06.07.2018;256547706.0
09.07.2018;189331016.0
10.07.2018;203061980.0
11.07.2018;229211999.0
12.07.2018;256034815.0
13.07.2018;241670818.0
16.07.2018;216971413.0
17.07.2018;217107580.0
18.07.2018;232502459.0
19.07.2018;222056399.0
20.07.2018;193144113.0
23.07.2018;236153085.0
24.07.2018;212247395.0
25.07.2018;212333169.0
26.07.2018;376657398.0
27.07.2018;324343457.0
30.07.2018;287435926.0
31.07.2018;264430889.0
01.08.2018;278012697.0
02.08.2018;216533127.0
03.08.2018;225146360.0
06.08.2018;210002582.0
07.08.2018;233409612.0
08.08.2018;217047641.0
09.08.2018;311521403.0
10.08.2018;336424182.0
13.08.2018;254466760.0
14.08.2018;239841680.0
16.08.2018;299610298.0
17.08.2018;241985503.0
20.08.2018;239843358.0
21.08.2018;231063669.0
23.08.2018;256163842.0
24.08.2018;225604574.0
27.08.2018;205689327.0
28.08.2018;249420312.0
29.08.2018;259351550.0
30.08.2018;323450305.0
31.08.2018;357230312.0
03.09.2018;241726864.0
04.09.2018;262701030.0
05.09.2018;253689858.0
06.09.2018;255558129.0
07.09.2018;305029077.0
10.09.2018;295597988.0
11.09.2018;318093125.0
12.09.2018;276509748.0
14.09.2018;285218296.0
17.09.2018;207620518.0
18.09.2018;248298794.0
19.09.2018;258424384.0
21.09.2018;741153209.0
24.09.2018;398815949.0
25.09.2018;417548830.0
26.09.2018;351041146.0
27.09.2018;418210067.0
28.09.2018;492894147.0
01.10.2018;398987274.0
03.10.2018;398756507.0
04.10.2018;438202008.0
05.10.2018;625153832.0
08.10.2018;470279031.0
09.10.2018;443795275.0
10.10.2018;373844130.0
11.10.2018;498509417.0
12.10.2018;354056762.0
15.10.2018;267517728.0
16.10.2018;273444095.0
17.10.2018;293586908.0
19.10.2018;368552204.0
22.10.2018;306472776.0
23.10.2018;312042090.0
24.10.2018;362272428.0
25.10.2018;522421914.0
26.10.2018;375563273.0
29.10.2018;375749433.0
30.10.2018;298753965.0
31.10.2018;386618948.0
01.11.2018;359340403.0
02.11.2018;434175607.0
05.11.2018;311176379.0
06.11.2018;309878810.0
07.11.2018;32194181.0
09.11.2018;305817331.0
12.11.2018;267710127.0
13.11.2018;262541595.0
14.11.2018;396373781.0
15.11.2018;306011926.0
16.11.2018;353384918.0
19.11.2018;280522364.0
20.11.2018;304322623.0
21.11.2018;310191008.0
22.11.2018;246926671.0
26.11.2018;332863041.0
27.11.2018;382834178.0
28.11.2018;437627174.0
29.11.2018;712650890.0
30.11.2018;467857329.0
03.12.2018;422358631.0
04.12.2018;332137359.0
05.12.2018;322019985.0
06.12.2018;328275196.0
07.12.2018;335849636.0
10.12.2018;393097292.0
11.12.2018;438699334.0
12.12.2018;371697496.0
13.12.2018;387810061.0
14.12.2018;350579275.0
17.12.2018;306145514.0
18.12.2018;294942271.0
19.12.2018;321801803.0
20.12.2018;328802751.0
21.12.2018;389235107.0
24.12.2018;230291344.0
26.12.2018;271942701.0
27.12.2018;470160392.0
28.12.2018;253086507.0
31.12.2018;186494657.0
01.01.2019;159404542.0
02.01.2019;309665939.0
03.01.2019;286241745.0
04.01.2019;296596655.0
07.01.2019;269371080.0
08.01.2019;277697672.0
09.01.2019;333010535.0
10.01.2019;254365477.0
11.01.2019;260792200.0
14.01.2019;298774178.0
15.01.2019;310737078.0
16.01.2019;276539042.0
17.01.2019;271676319.0
18.01.2019;323814108.0
21.01.2019;288829125.0
22.01.2019;300768112.0
23.01.2019;298876314.0
24.01.2019;361082096.0
25.01.2019;463444758.0
28.01.2019;419682627.0
29.01.2019;356908994.0
30.01.2019;410107910.0
31.01.2019;604818027.0
01.02.2019;482272661.0
04.02.2019;318300039.0
05.02.2019;268095127.0
06.02.2019;298510497.0
07.02.2019;263544426.0
08.02.2019;352787419.0
11.02.2019;285985383.0
12.02.2019;292314643.0
13.02.2019;321958549.0
14.02.2019;627041405.0
15.02.2019;521876968.0
18.02.2019;345440240.0
19.02.2019;291507060.0
20.02.2019;289195306.0
21.02.2019;279584955.0
22.02.2019;396846597.0
25.02.2019;385905142.0
26.02.2019;414954476.0
27.02.2019;381080073.0
28.02.2019;644159018.0
01.03.2019;308526309.0
05.03.2019;373220239.0
06.03.2019;372550850.0
07.03.2019;321208766.0
08.03.2019;326569833.0
11.03.2019;352242287.0
12.03.2019;391310519.0
13.03.2019;382996187.0
14.03.2019;294480678.0
15.03.2019;463704896.0
18.03.2019;320250041.0
19.03.2019;326099667.0
20.03.2019;366298049.0
22.03.2019;386193935.0
25.03.2019;294459196.0
26.03.2019;282575496.0
27.03.2019;350446089.0
28.03.2019;527678809.0
29.03.2019;416276981.0
01.04.2019;379572660.0
02.04.2019;386131413.0
03.04.2019;365760070.0
04.04.2019;349029830.0
05.04.2019;266665797.0
08.04.2019;260932608.0
09.04.2019;300467538.0
10.04.2019;359941110.0
11.04.2019;279775726.0
12.04.2019;246006184.0
15.04.2019;289996075.0
16.04.2019;354315040.0
18.04.2019;339653709.0
22.04.2019;260356055.0
23.04.2019;272544486.0
24.04.2019;335196513.0
25.04.2019;604360395.0
26.04.2019;333483764.0
30.04.2019;532630874.0
02.05.2019;380278045.0
03.05.2019;305519934.0
06.05.2019;299046480.0
07.05.2019;337495624.0
08.05.2019;372826025.0
09.05.2019;373028059.0
10.05.2019;387323416.0
13.05.2019;357586433.0
14.05.2019;398122725.0
15.05.2019;414174258.0
16.05.2019;350734572.0
17.05.2019;412109200.0
20.05.2019;452096261.0
21.05.2019;381038129.0
22.05.2019;355870667.0
23.05.2019;569030654.0
24.05.2019;374637415.0
27.05.2019;348356214.0
28.05.2019;598308334.0
29.05.2019;318068673.0
30.05.2019;421199867.0
31.05.2019;438879129.0
03.06.2019;315296955.0
04.06.2019;289221904.0
06.06.2019;415206942.0
07.06.2019;302455910.0
10.06.2019;303329445.0
11.06.2019;332181958.0
12.06.2019;283718253.0
13.06.2019;447901993.0
14.06.2019;390294634.0
17.06.2019;295528399.0
18.06.2019;365525622.0
19.06.2019;446933027.0
20.06.2019;442016954.0
21.06.2019;468430388.0
24.06.2019;277620788.0
25.06.2019;300476353.0
26.06.2019;327885018.0
27.06.2019;480169350.0
28.06.2019;303888701.0
01.07.2019;278415889.0
02.07.2019;363197036.0
03.07.2019;340527508.0
04.07.2019;333595172.0
05.07.2019;530720039.0
08.07.2019;464029444.0
09.07.2019;442520253.0
10.07.2019;337571014.0
11.07.2019;317257578.0
12.07.2019;359421182.0
15.07.2019;368788782.0
16.07.2019;480156167.0
17.07.2019;464827734.0
18.07.2019;498258158.0
19.07.2019;446049198.0
22.07.2019;516044335.0
23.07.2019;458931191.0
24.07.2019;413202832.0
25.07.2019;553676897.0
26.07.2019;522670420.0
29.07.2019;482862376.0
30.07.2019;479059399.0
31.07.2019;536694278.0
01.08.2019;499918953.0
02.08.2019;547416246.0
05.08.2019;506556609.0
06.08.2019;517891491.0
07.08.2019;548465787.0
08.08.2019;482471622.0
09.08.2019;538063563.0
13.08.2019;624634647.0
14.08.2019;511541716.0
16.08.2019;470909918.0
19.08.2019;369493161.0
20.08.2019;444715679.0
21.08.2019;557867906.0
22.08.2019;668193449.0
23.08.2019;667079625.0
26.08.2019;684141923.0
27.08.2019;685551267.0
28.08.2019;549954696.0
29.08.2019;649876160.0
30.08.2019;628154431.0
03.09.2019;483038985.0
04.09.2019;508784352.0
05.09.2019;595699267.0
06.09.2019;497214445.0
09.09.2019;412471067.0
11.09.2019;687140326.0
12.09.2019;551436050.0
13.09.2019;624305151.0
16.09.2019;434449776.0
17.09.2019;482013044.0
18.09.2019;519155072.0
19.09.2019;642599183.0
20.09.2019;1356767450.0
23.09.2019;882826741.0
24.09.2019;651722255.0
25.09.2019;629054640.0
26.09.2019;844465614.0
27.09.2019;650017280.0
30.09.2019;756848686.0
01.10.2019;1305415159.0
03.10.2019;1017479514.0
04.10.2019;928524450.0
07.10.2019;733198763.0
09.10.2019;741148639.0
10.10.2019;562017945.0
11.10.2019;737795150.0
14.10.2019;587579191.0
15.10.2019;527396180.0
16.10.2019;533468525.0
17.10.2019;797572398.0
18.10.2019;853440208.0
22.10.2019;867601307.0
23.10.2019;664159887.0
24.10.2019;700481662.0
25.10.2019;812027840.0
27.10.2019;161779004.0
29.10.2019;951722529.0
30.10.2019;725219760.0
31.10.2019;1414837250.0
01.11.2019;855338495.0
04.11.2019;823050457.0
05.11.2019;631952071.0
06.11.2019;603351290.0
07.11.2019;562963817.0
08.11.2019;789254360.0
11.11.2019;548979515.0
13.11.2019;659035969.0
14.11.2019;559494025.0
15.11.2019;580154179.0
18.11.2019;514352437.0
19.11.2019;613909679.0
20.11.2019;646661147.0
21.11.2019;557685781.0
22.11.2019;486815185.0
25.11.2019;534289467.0
26.11.2019;1201335831.0
27.11.2019;584226618.0
28.11.2019;620479403.0
29.11.2019;804430391.0
02.12.2019;720945335.0
03.12.2019;605789334.0
04.12.2019;747193818.0
05.12.2019;562228745.0
06.12.2019;609221205.0
09.12.2019;599115748.0
10.12.2019;650219487.0
11.12.2019;997655048.0
12.12.2019;752617138.0
13.12.2019;597712516.0
16.12.2019;437703921.0
17.12.2019;499585789.0
18.12.2019;518854651.0
19.12.2019;623049839.0
20.12.2019;810676090.0
23.12.2019;604782354.0
24.12.2019;470290298.0
26.12.2019;520326632.0
27.12.2019;383788556.0
30.12.2019;411084614.0
31.12.2019;426931711.0
01.01.2020;304078039.0
02.01.2020;407697594.0
03.01.2020;428770054.0
06.01.2020;396501419.0
07.01.2020;447818617.0
08.01.2020;445991640.0
09.01.2020;477469878.0
10.01.2020;660627930.0
13.01.2020;500968242.0
14.01.2020;616260555.0
15.01.2020;684352965.0
16.01.2020;395670245.0
17.01.2020;502060615.0
20.01.2020;491609317.0
21.01.2020;443976442.0
22.01.2020;526294513.0
23.01.2020;867653663.0
24.01.2020;593237908.0
27.01.2020;441158138.0
28.01.2020;478484057.0
29.01.2020;514362340.0
30.01.2020;538138743.0
31.01.2020;771278258.0
01.02.2020;537634767.0
03.02.2020;669815788.0
04.02.2020;560430291.0
05.02.2020;758032580.0
06.02.2020;565116236.0
07.02.2020;473475144.0
10.02.2020;525674715.0
11.02.2020;480491557.0
12.02.2020;412399174.0
13.02.2020;501510138.0
14.02.2020;623053270.0
17.02.2020;455412408.0
18.02.2020;677307424.0
19.02.2020;514030605.0
20.02.2020;502875583.0
24.02.2020;491224913.0
25.02.2020;461349973.0
26.02.2020;567990976.0
27.02.2020;609266324.0
28.02.2020;810523106.0
02.03.2020;681148567.0
03.03.2020;696919348.0
04.03.2020;798021596.0
05.03.2020;1353209029.0
06.03.2020;1811564187.0
09.03.2020;1566119057.0
11.03.2020;1219079693.0
12.03.2020;1344263317.0
13.03.2020;1389061775.0
16.03.2020;898523271.0
17.03.2020;936185892.0
18.03.2020;1517275761.0
19.03.2020;926508824.0
20.03.2020;1072263600.0
23.03.2020;654151814.0
24.03.2020;739354439.0
25.03.2020;738114713.0
26.03.2020;866534643.0
27.03.2020;801923401.0
30.03.2020;593953051.0
31.03.2020;713390935.0
01.04.2020;507509685.0
03.04.2020;697752438.0
07.04.2020;815245226.0
08.04.2020;897562690.0
09.04.2020;743036134.0
13.04.2020;644468815.0
15.04.2020;880159358.0
16.04.2020;720116479.0
17.04.2020;684910520.0
20.04.2020;726364699.0
21.04.2020;655122903.0
22.04.2020;734383388.0
23.04.2020;666650462.0
24.04.2020;659439249.0
27.04.2020;512793298.0
28.04.2020;614548983.0
29.04.2020;653026950.0
30.04.2020;931173802.0
04.05.2020;687487134.0
05.05.2020;725196178.0
06.05.2020;722185448.0
07.05.2020;708740416.0
08.05.2020;609053504.0
11.05.2020;704647074.0
12.05.2020;805458787.0
13.05.2020;846395245.0
14.05.2020;602555564.0
15.05.2020;575857112.0
18.05.2020;772983297.0
19.05.2020;762152894.0
20.05.2020;622308140.0
21.05.2020;631542699.0
22.05.2020;675759336.0
26.05.2020;654959960.0
27.05.2020;763492487.0
28.05.2020;837911425.0
29.05.2020;967005438.0
01.06.2020;794183122.0
02.06.2020;770192848.0
03.06.2020;794664422.0
04.06.2020;775106567.0
05.06.2020;987122302.0
08.06.2020;936485541.0
09.06.2020;754217460.0
10.06.2020;632383068.0
11.06.2020;715453486.0
12.06.2020;796306399.0
15.06.2020;716053036.0
16.06.2020;899895044.0
17.06.2020;685418390.0
18.06.2020;622895963.0
19.06.2020;892096343.0
22.06.2020;685385093.0
23.06.2020;669195109.0
24.06.2020;854799801.0
25.06.2020;994190886.0
26.06.2020;671910159.0
29.06.2020;574544482.0
30.06.2020;556238560.0
01.07.2020;573550127.0
02.07.2020;597423931.0
03.07.2020;525190704.0
06.07.2020;571212914.0
07.07.2020;636764929.0
08.07.2020;767941333.0
09.07.2020;618652409.0
10.07.2020;590705425.0
13.07.2020;554050579.0
14.07.2020;532368699.0
;715901258.0
;694402635.0
;676881092.0
;554306867.0
21.07.2020;771998838.0
22.07.2020;765074288.0
23.07.2020;621575333.0
24.07.2020;678935175.0
27.07.2020;588148687.0
28.07.2020;683891350.0
29.07.2020;600726301.0
30.07.2020;677761342.0
31.07.2020;642560311.0
03.08.2020;680929323.0
04.08.2020;625738313.0
05.08.2020;667639446.0
06.08.2020;600374615.0
07.08.2020;452629891.0
10.08.2020;491999534.0
11.08.2020;586084846.0
12.08.2020;609858960.0
13.08.2020;562355175.0
14.08.2020;645109756.0
17.08.2020;633963958.0
18.08.2020;579242492.0
19.08.2020;626217997.0
20.08.2020;791587770.0
21.08.2020;668719170.0
24.08.2020;532900535.0
25.08.2020;638152608.0
26.08.2020;743442521.0
27.08.2020;719776490.0
28.08.2020;806997707.0
31.08.2020;1371789450.0
01.09.2020;783769555.0
02.09.2020;593494423.0
03.09.2020;607115212.0
04.09.2020;681338905.0
07.09.2020;560322964.0
08.09.2020;572239350.0
09.09.2020;728880693.0
10.09.2020;679419973.0
11.09.2020;554789157.0
14.09.2020;642270123.0
15.09.2020;506667239.0
16.09.2020;527804775.0
17.09.2020;517729494.0
18.09.2020;764154094.0
21.09.2020;602851737.0
22.09.2020;672249921.0
23.09.2020;714925847.0
24.09.2020;706139506.0
25.09.2020;559597322.0
28.09.2020;472777324.0
29.09.2020;498295735.0
30.09.2020;499343849.0
01.10.2020;447740006.0
05.10.2020;530597393.0
06.10.2020;561444728.0
07.10.2020;513367516.0
08.10.2020;608768573.0
09.10.2020;611079482.0
12.10.2020;522627571.0
13.10.2020;458304851.0
14.10.2020;569245407.0
15.10.2020;608865041.0
16.10.2020;555764762.0
19.10.2020;541420990.0
20.10.2020;453560934.0
21.10.2020;623658140.0
22.10.2020;544901152.0
23.10.2020;502340361.0
26.10.2020;519815905.0
27.10.2020;616318543.0
28.10.2020;704018608.0
29.10.2020;554959844.0
30.10.2020;553672805.0
02.11.2020;568434165.0
03.11.2020;674303605.0
04.11.2020;667290347.0
05.11.2020;632455414.0
06.11.2020;576837602.0
09.11.2020;553449924.0
10.11.2020;847450692.0
11.11.2020;880475468.0
12.11.2020;622017762.0
13.11.2020;513948665.0
14.11.2020;107868139.0
17.11.2020;707676873.0
18.11.2020;731321438.0
19.11.2020;768751782.0
20.11.2020;663997267.0
23.11.2020;633117401.0
24.11.2020;571864976.0
25.11.2020;679005507.0
26.11.2020;549798925.0
27.11.2020;1162360673.0
01.12.2020;583633902.0
02.12.2020;717711761.0
03.12.2020;713688035.0
04.12.2020;640514315.0
07.12.2020;591722966.0
08.12.2020;543165361.0
09.12.2020;502605319.0
10.12.2020;553402501.0
11.12.2020;787707481.0
14.12.2020;558390043.0
15.12.2020;497600393.0
16.12.2020;462151091.0
17.12.2020;416008520.0
18.12.2020;519393189.0
21.12.2020;687255400.0
22.12.2020;696197300.0
23.12.2020;458651819.0
24.12.2020;471367730.0
28.12.2020;403634030.0
29.12.2020;439593961.0
30.12.2020;380681073.0
31.12.2020;452410109.0
01.01.2021;258090905.0
04.01.2021;494999295.0
05.01.2021;492475349.0
06.01.2021;632323316.0
07.01.2021;559173512.0
08.01.2021;613472067.0
11.01.2021;672878543.0
12.01.2021;929566952.0
13.01.2021;873956688.0
14.01.2021;620194977.0
15.01.2021;789557216.0
18.01.2021;762043554.0
19.01.2021;546108304.0
20.01.2021;623069963.0
21.01.2021;704646957.0
22.01.2021;776750347.0
25.01.2021;618631493.0
27.01.2021;660711117.0
28.01.2021;637871621.0
29.01.2021;753206122.0
01.02.2021;870529495.0
02.02.2021;914965225.0
03.02.2021;869477087.0
04.02.2021;884686415.0
05.02.2021;935629058.0
08.02.2021;671242694.0
09.02.2021;713279133.0
10.02.2021;624791133.0
11.02.2021;500122414.0
12.02.2021;571808807.0
15.02.2021;455959720.0
16.02.2021;648545320.0
17.02.2021;504767226.0
18.02.2021;770629541.0
19.02.2021;712213821.0
22.02.2021;609898454.0
23.02.2021;744092809.0
24.02.2021;403754669.0
25.02.2021;803883875.0
26.02.2021;1103644519.0
01.03.2021;507302977.0
02.03.2021;621723916.0
03.03.2021;544205583.0
04.03.2021;534850447.0
05.03.2021;640700362.0
08.03.2021;580308065.0
09.03.2021;675271251.0
10.03.2021;404585756.0
12.03.2021;493238854.0
15.03.2021;467473367.0
16.03.2021;437651327.0
17.03.2021;479352147.0
18.03.2021;542216908.0
19.03.2021;919178208.0
22.03.2021;458997059.0
23.03.2021;474150088.0
24.03.2021;456403503.0
25.03.2021;606820996.0
26.03.2021;481000845.0
30.03.2021;594520567.0
31.03.2021;436874691.0
01.04.2021;430028476.0
05.04.2021;500476690.0
06.04.2021;474211156.0
07.04.2021;476382016.0
08.04.2021;503728173.0
09.04.2021;498347599.0
12.04.2021;638475842.0
13.04.2021;588666016.0
15.04.2021;556851211.0
16.04.2021;568568743.0
19.04.2021;503142904.0
20.04.2021;456704716.0
22.04.2021;516985252.0
23.04.2021;476613608.0
26.04.2021;448533329.0
27.04.2021;442211685.0
28.04.2021;453990807.0
29.04.2021;511466673.0
30.04.2021;594744498.0
03.05.2021;443410846.0
04.05.2021;479657079.0
05.05.2021;437261063.0
06.05.2021;445281496.0
07.05.2021;483677266.0
10.05.2021;510598577.0
11.05.2021;616204478.0
12.05.2021;620318215.0
14.05.2021;602738614.0
17.05.2021;534516176.0
18.05.2021;571923125.0
19.05.2021;563293717.0
20.05.2021;467455658.0
21.05.2021;557730470.0
24.05.2021;566722866.0
25.05.2021;417323446.0
26.05.2021;377682051.0
27.05.2021;682374351.0
28.05.2021;455582440.0
31.05.2021;435999456.0
01.06.2021;409562322.0
02.06.2021;428641666.0
03.06.2021;410240584.0
04.06.2021;414162241.0
07.06.2021;393970049.0
08.06.2021;378164658.0
09.06.2021;457855735.0
10.06.2021;298297041.0
11.06.2021;363011297.0
14.06.2021;392862037.0
15.06.2021;323262818.0
16.06.2021;340191175.0
17.06.2021;357649243.0
18.06.2021;640821642.0
21.06.2021;351530072.0
22.06.2021;322237561.0
23.06.2021;287536735.0
24.06.2021;316662241.0
25.06.2021;314614380.0
28.06.2021;255099272.0
29.06.2021;360334724.0
30.06.2021;262386323.0
01.07.2021;224921644.0
02.07.2021;254808999.0
05.07.2021;207032153.0
06.07.2021;391410742.0
07.07.2021;329308646.0
08.07.2021;307928495.0
09.07.2021;243249366.0
12.07.2021;216272488.0
13.07.2021;246676549.0
14.07.2021;239924352.0
15.07.2021;284851049.0
16.07.2021;276298105.0
19.07.2021;242131813.0
20.07.2021;274284165.0
22.07.2021;265250867.0
23.07.2021;294098244.0
26.07.2021;267076679.0
27.07.2021;311012065.0
28.07.2021;318601589.0
29.07.2021;401584915.0
30.07.2021;400021237.0
02.08.2021;244847433.0
03.08.2021;341289658.0
04.08.2021;427337644.0
05.08.2021;418174517.0
06.08.2021;320087281.0
09.08.2021;240452917.0
10.08.2021;287989486.0
11.08.2021;277895886.0
12.08.2021;280181324.0
13.08.2021;321866286.0
16.08.2021;254049330.0
17.08.2021;297388470.0
18.08.2021;251796822.0
20.08.2021;350819323.0
23.08.2021;275597782.0
24.08.2021;275362819.0
25.08.2021;265920141.0
26.08.2021;253530997.0
27.08.2021;217405743.0
30.08.2021;283483108.0
31.08.2021;464390247.0
01.09.2021;301894634.0
02.09.2021;242377518.0
03.09.2021;261373795.0
06.09.2021;228045532.0
07.09.2021;243417811.0
08.09.2021;252652423.0
09.09.2021;241509352.0
13.09.2021;241053924.0
14.09.2021;230354386.0
15.09.2021;388191629.0
16.09.2021;503310763.0
17.09.2021;508285916.0
20.09.2021;339102046.0
21.09.2021;363578479.0
22.09.2021;295191136.0
23.09.2021;320514486.0
24.09.2021;360130853.0
27.09.2021;295714657.0
28.09.2021;397997281.0
29.09.2021;562237732.0
30.09.2021;378592721.0
01.10.2021;305763919.0
04.10.2021;295761839.0
05.10.2021;427000191.0
06.10.2021;395833550.0
07.10.2021;419890959.0
08.10.2021;324066351.0
11.10.2021;375756457.0
12.10.2021;355568313.0
13.10.2021;506679748.0
14.10.2021;538714440.0
18.10.2021;469883515.0
19.10.2021;368230309.0
20.10.2021;371276478.0
21.10.2021;365902008.0
22.10.2021;324748084.0
25.10.2021;418703647.0
26.10.2021;341377869.0
27.10.2021;335248487.0
28.10.2021;374205784.0
29.10.2021;336466864.0
01.11.2021;281190130.0
02.11.2021;296441997.0
03.11.2021;330995982.0
04.11.2021;48520856.0
08.11.2021;338919483.0
09.11.2021;270197527.0
10.11.2021;261446523.0
11.11.2021;232121151.0
12.11.2021;249111898.0
15.11.2021;280428633.0
16.11.2021;267431829.0
17.11.2021;295715938.0
18.11.2021;278425148.0
22.11.2021;356400425.0
23.11.2021;308843255.0
24.11.2021;298052158.0
25.11.2021;255947032.0
26.11.2021;356330009.0
29.11.2021;348888750.0
30.11.2021;497999836.0
01.12.2021;295542125.0
02.12.2021;279867500.0
03.12.2021;292526485.0
06.12.2021;231716681.0
07.12.2021;254144221.0
08.12.2021;257791948.0
09.12.2021;237170272.0
10.12.2021;204467484.0
13.12.2021;256560534.0
14.12.2021;270965586.0
15.12.2021;214972109.0
16.12.2021;219496063.0
17.12.2021;354591366.0
20.12.2021;330614079.0
21.12.2021;241030834.0
22.12.2021;207946105.0
23.12.2021;196965302.0
24.12.2021;182564833.0
27.12.2021;144777457.0
28.12.2021;176026100.0
29.12.2021;161679423.0
30.12.2021;320831676.0
31.12.2021;167025720.0
03.01.2022;200456430.0
04.01.2022;247437472.0
05.01.2022;251460038.0
06.01.2022;236454824.0
07.01.2022;239338015.0
10.01.2022;232418075.0
11.01.2022;220238796.0
12.01.2022;244974287.0
13.01.2022;303700545.0
14.01.2022;229451608.0
17.01.2022;266702919.0
18.01.2022;227507319.0
19.01.2022;276662654.0
20.01.2022;258094246.0
21.01.2022;277645373.0
24.01.2022;323847388.0
25.01.2022;326515896.0
27.01.2022;395596577.0
28.01.2022;355284285.0
31.01.2022;321660346.0
01.02.2022;386391485.0
02.02.2022;271205907.0
03.02.2022;226614989.0
04.02.2022;261434170.0
07.02.2022;265037933.0
08.02.2022;268526210.0
09.02.2022;236350514.0
10.02.2022;273606440.0
11.02.2022;253141660.0
14.02.2022;305510740.0
15.02.2022;298658142.0
16.02.2022;244549223.0
17.02.2022;232136131.0
18.02.2022;189620888.0
21.02.2022;215183301.0
22.02.2022;300131995.0
23.02.2022;200229631.0
24.02.2022;457967874.0
25.02.2022;329780732.0
28.02.2022;404214666.0
02.03.2022;517723542.0
03.03.2022;442068263.0
04.03.2022;456143040.0
07.03.2022;585403660.0
08.03.2022;543600673.0
09.03.2022;462231428.0
10.03.2022;486445481.0
11.03.2022;343717045.0
14.03.2022;314669685.0
15.03.2022;381631902.0
16.03.2022;259973396.0
17.03.2022;448335248.0
21.03.2022;285451208.0
22.03.2022;338263468.0
23.03.2022;292120348.0
24.03.2022;290280124.0
25.03.2022;237115741.0
28.03.2022;253240837.0
29.03.2022;235149625.0
30.03.2022;505031841.0
31.03.2022;281111679.0
01.04.2022;291773447.0
04.04.2022;345526502.0
05.04.2022;283453612.0
06.04.2022;328824420.0
07.04.2022;308840215.0
08.04.2022;274447433.0
11.04.2022;251701846.0
12.04.2022;266029060.0
13.04.2022;245061941.0
18.04.2022;376130248.0
19.04.2022;401399563.0
20.04.2022;286069736.0
21.04.2022;285200022.0
22.04.2022;262739740.0
25.04.2022;275685925.0
26.04.2022;261065753.0
27.04.2022;265140480.0
28.04.2022;312914417.0
29.04.2022;336243642.0
02.05.2022;278155513.0
04.05.2022;310632799.0
05.05.2022;265793403.0
06.05.2022;300527719.0
09.05.2022;288402950.0
10.05.2022;283061200.0
11.05.2022;284294438.0
12.05.2022;314921678.0
13.05.2022;369135540.0
16.05.2022;217646558.0
17.05.2022;295687774.0
18.05.2022;290441105.0
19.05.2022;313876082.0
20.05.2022;252402013.0
23.05.2022;293829853.0
24.05.2022;249778296.0
25.05.2022;243342347.0
26.05.2022;314305739.0
27.05.2022;274064956.0
30.05.2022;251400757.0
31.05.2022;651613610.0
01.06.2022;249619038.0
02.06.2022;235958283.0
03.06.2022;245514871.0
06.06.2022;233589132.0
07.06.2022;233814633.0
08.06.2022;243481044.0
09.06.2022;204954394.0
10.06.2022;189680523.0
13.06.2022;225534385.0
14.06.2022;225425862.0
15.06.2022;183011236.0
16.06.2022;264735957.0
17.06.2022;342629997.0
20.06.2022;260022438.0
21.06.2022;262794687.0
22.06.2022;220889589.0
23.06.2022;259171810.0
24.06.2022;219599372.0
27.06.2022;210932505.0
28.06.2022;251865155.0
29.06.2022;444949551.0
30.06.2022;306027777.0
01.07.2022;364090131.0
04.07.2022;304328467.0
05.07.2022;254164463.0
06.07.2022;288375300.0
07.07.2022;264615218.0
08.07.2022;281102369.0
11.07.2022;255915072.0
12.07.2022;208648707.0
13.07.2022;233264100.0
14.07.2022;228603433.0
15.07.2022;205768079.0
18.07.2022;227744850.0
19.07.2022;222630928.0
20.07.2022;284359582.0
21.07.2022;243625339.0
22.07.2022;190906776.0
25.07.2022;211392171.0
26.07.2022;208208122.0
27.07.2022;185210970.0
28.07.2022;376256315.0
29.07.2022;436059722.0
01.08.2022;381532671.0
02.08.2022;333639093.0
03.08.2022;285414666.0
04.08.2022;324981426.0
05.08.2022;355310802.0
08.08.2022;256994113.0
10.08.2022;312716544.0
11.08.2022;311247237.0
12.08.2022;303872483.0
16.08.2022;278042725.0
17.08.2022;262768582.0
18.08.2022;263914197.0
19.08.2022;295627263.0
22.08.2022;287559133.0
23.08.2022;285616338.0
24.08.2022;261953239.0
25.08.2022;230181848.0
26.08.2022;266636238.0
29.08.2022;244854637.0
30.08.2022;324687477.0
01.09.2022;308526598.0
02.09.2022;256268616.0
05.09.2022;230309013.0
06.09.2022;251204527.0
07.09.2022;354137885.0
08.09.2022;279845682.0
09.09.2022;270299618.0
12.09.2022;228242025.0
13.09.2022;259922741.0
14.09.2022;365866933.0
15.09.2022;289637528.0
16.09.2022;468464263.0
19.09.2022;258329581.0
20.09.2022;263100874.0
21.09.2022;245532498.0
22.09.2022;284094023.0
23.09.2022;390754862.0
26.09.2022;492002942.0
27.09.2022;359895458.0
28.09.2022;323922457.0
29.09.2022;340034380.0
30.09.2022;380204763.0
03.10.2022;285850587.0
04.10.2022;231601639.0
06.10.2022;268239320.0
07.10.2022;216273136.0
10.10.2022;234005512.0
11.10.2022;282617982.0
12.10.2022;256037322.0
13.10.2022;266438674.0
14.10.2022;226997138.0
17.10.2022;212223419.0
18.10.2022;239493630.0
19.10.2022;210480869.0
20.10.2022;249604832.0
21.10.2022;277702680.0
24.10.2022;45029477.0
25.10.2022;251358203.0
27.10.2022;324649088.0
28.10.2022;250030113.0
31.10.2022;227174539.0
01.11.2022;349924808.0
02.11.2022;270878019.0
03.11.2022;212968291.0
04.11.2022;267941526.0
07.11.2022;314758398.0
09.11.2022;307155149.0
10.11.2022;256451785.0
11.11.2022;378469072.0
14.11.2022;301401961.0
15.11.2022;250926391.0
16.11.2022;219268992.0
17.11.2022;200512910.0
18.11.2022;198794846.0
21.11.2022;213794598.0
22.11.2022;177681099.0
23.11.2022;178791087.0
24.11.2022;204044559.0
25.11.2022;205876043.0
28.11.2022;206468884.0
29.11.2022;195255179.0
30.11.2022;345636288.0
01.12.2022;324955829.0
02.12.2022;254401004.0
05.12.2022;288393766.0
06.12.2022;217777090.0
07.12.2022;200501720.0
08.12.2022;202811256.0
09.12.2022;215839572.0
12.12.2022;193883468.0
13.12.2022;187585567.0
14.12.2022;208030337.0
15.12.2022;183127544.0
16.12.2022;277650193.0
19.12.2022;154847475.0
20.12.2022;169041783.0
21.12.2022;187594274.0
22.12.2022;195699650.0
23.12.2022;221454773.0
26.12.2022;176652342.0
27.12.2022;214257094.0
28.12.2022;193873167.0
29.12.2022;281052828.0
30.12.2022;192005563.0
02.01.2023;256073979.0
03.01.2023;208699772.0
04.01.2023;235162202.0
05.01.2023;269949738.0
06.01.2023;238220578.0
09.01.2023;257237669.0
10.01.2023;283277918.0
11.01.2023;259853294.0
12.01.2023;227769060.0
13.01.2023;256700729.0
16.01.2023;206195816.0
17.01.2023;219055125.0
18.01.2023;255840928.0
19.01.2023;237833991.0
20.01.2023;237225269.0
23.01.2023;202460434.0
24.01.2023;216910302.0
25.01.2023;257227052.0
27.01.2023;476342611.0
30.01.2023;432434028.0
31.01.2023;398338541.0
01.02.2023;512870802.0
02.02.2023;490113567.0
03.02.2023;424123037.0
06.02.2023;282544790.0
07.02.2023;354395693.0
08.02.2023;290994265.0
09.02.2023;260854055.0
10.02.2023;231991834.0
13.02.2023;231276483.0
14.02.2023;244512944.0
15.02.2023;229273800.0
16.02.2023;230246175.0
17.02.2023;208053929.0
20.02.2023;174563233.0
21.02.2023;198248205.0
22.02.2023;204021979.0
23.02.2023;240807918.0
24.02.2023;209406363.0
27.02.2023;246448847.0
28.02.2023;420881259.0
01.03.2023;272881409.0
02.03.2023;310669094.0
03.03.2023;356169518.0
06.03.2023;362801096.0
08.03.2023;267041402.0
09.03.2023;262352056.0
10.03.2023;235927570.0
13.03.2023;254914657.0
14.03.2023;290604200.0
15.03.2023;248188970.0
16.03.2023;349820607.0
17.03.2023;408121255.0
20.03.2023;241777405.0
21.03.2023;246737873.0
22.03.2023;185700457.0
23.03.2023;219171517.0
24.03.2023;228038299.0
27.03.2023;218418670.0
28.03.2023;238840919.0
29.03.2023;345911087.0
31.03.2023;263889033.0
03.04.2023;230170687.0
05.04.2023;248345193.0
06.04.2023;242708337.0
10.04.2023;254819382.0
11.04.2023;304263454.0
12.04.2023;232816318.0
13.04.2023;285764798.0
17.04.2023;357401212.0
18.04.2023;258856690.0
19.04.2023;281463379.0
20.04.2023;215103396.0
21.04.2023;230156645.0
24.04.2023;255740393.0
25.04.2023;297445999.0
26.04.2023;233008677.0
27.04.2023;241434660.0
28.04.2023;290263674.0
02.05.2023;265216308.0
03.05.2023;226171254.0
04.05.2023;226643581.0
05.05.2023;239702311.0
08.05.2023;228399379.0
09.05.2023;245368649.0
10.05.2023;220450874.0
11.05.2023;248932544.0
12.05.2023;241702589.0
15.05.2023;216088535.0
16.05.2023;219490491.0
17.05.2023;229898510.0
18.05.2023;272103515.0
19.05.2023;260898407.0
22.05.2023;262560942.0
23.05.2023;270354216.0
24.05.2023;232621507.0
25.05.2023;235915651.0
26.05.2023;198668359.0
29.05.2023;265323978.0
30.05.2023;234391323.0
31.05.2023;696495765.0
01.06.2023;265630759.0
02.06.2023;270923679.0
05.06.2023;256111496.0
06.06.2023;220789926.0
07.06.2023;260109671.0
08.06.2023;286468927.0
09.06.2023;221760885.0
12.06.2023;179463966.0
13.06.2023;233167883.0
14.06.2023;261354575.0
15.06.2023;263004991.0
16.06.2023;272771256.0
19.06.2023;219815214.0
20.06.2023;211649257.0
21.06.2023;217481345.0
22.06.2023;252697871.0
23.06.2023;210562119.0
26.06.2023;171271325.0
27.06.2023;222464605.0
28.06.2023;398782019.0
30.06.2023;247906587.0
03.07.2023;226050219.0
04.07.2023;226916635.0
05.07.2023;224418797.0
06.07.2023;268261285.0
07.07.2023;237102566.0
10.07.2023;268246132.0
11.07.2023;251263638.0
12.07.2023;327941559.0
13.07.2023;310442517.0
14.07.2023;291165841.0
17.07.2023;268707894.0
18.07.2023;286353897.0
19.07.2023;259660464.0
20.07.2023;274698867.0
21.07.2023;312461795.0
24.07.2023;265562151.0
25.07.2023;369653496.0
26.07.2023;244747425.0
27.07.2023;334891351.0
28.07.2023;258671382.0
31.07.2023;295053318.0
01.08.2023;298048161.0
02.08.2023;290666798.0
03.08.2023;315688612.0
04.08.2023;280799561.0
07.08.2023;216586074.0
08.08.2023;260294052.0
09.08.2023;266495074.0
10.08.2023;312193785.0
11.08.2023;235524048.0
14.08.2023;243850815.0
16.08.2023;226627230.0
17.08.2023;268663456.0
18.08.2023;256142364.0
21.08.2023;262589133.0
22.08.2023;208704354.0
23.08.2023;225214991.0
24.08.2023;268256859.0
25.08.2023;466518217.0
28.08.2023;248178769.0
29.08.2023;307388116.0
30.08.2023;233004568.0
31.08.2023;562557215.0
01.09.2023;372502191.0
04.09.2023;396071122.0
05.09.2023;303958622.0
06.09.2023;512974083.0
07.09.2023;304929822.0
08.09.2023;288093693.0
11.09.2023;248763130.0
12.09.2023;328064239.0
13.09.2023;251394599.0
14.09.2023;275111881.0
15.09.2023;438185104.0
18.09.2023;264870758.0
20.09.2023;378065882.0
21.09.2023;275132260.0
22.09.2023;246410075.0
25.09.2023;188398392.0
26.09.2023;204869058.0
27.09.2023;203559874.0
28.09.2023;352810261.0
29.09.2023;243508919.0
03.10.2023;221719625.0
04.10.2023;277148310.0
05.10.2023;234865323.0
06.10.2023;159051277.0
09.10.2023;165094800.0
10.10.2023;216559447.0
11.10.2023;213729730.0
12.10.2023;217904144.0
13.10.2023;254955979.0
16.10.2023;180964341.0
17.10.2023;185846716.0
18.10.2023;198942937.0
19.10.2023;230312163.0
20.10.2023;198341255.0
23.10.2023;176044288.0
25.10.2023;225291741.0
26.10.2023;300356469.0
27.10.2023;205201044.0
30.10.2023;180132492.0
31.10.2023;206049341.0
01.11.2023;194103279.0
02.11.2023;245595109.0
03.11.2023;189516123.0
06.11.2023;180690631.0
07.11.2023;198660124.0
08.11.2023;194967997.0
09.11.2023;208418472.0
10.11.2023;152215785.0
12.11.2023;37311902.0
13.11.2023;189275733.0
15.11.2023;291464988.0
16.11.2023;282686669.0
17.11.2023;236827462.0
20.11.2023;173780543.0
21.11.2023;194969012.0
22.11.2023;184497984.0
23.11.2023;170024085.0
24.11.2023;145895044.0
28.11.2023;229595031.0
29.11.2023;236241768.0
30.11.2023;486585349.0
01.12.2023;265812566.0
04.12.2023;381107418.0
05.12.2023;421008350.0
06.12.2023;359212958.0
07.12.2023;274985308.0
08.12.2023;292440768.0
11.12.2023;212921451.0
12.12.2023;244867128.0
13.12.2023;260269318.0
14.12.2023;334410589.0
15.12.2023;508761756.0
18.12.2023;249668965.0
19.12.2023;249750062.0
20.12.2023;363886229.0
21.12.2023;277548079.0
22.12.2023;284708918.0
26.12.2023;219467748.0
27.12.2023;256542963.0
28.12.2023;393080755.0
29.12.2023;270922276.0
01.01.2024;153995217.0
02.01.2024;263711568.0
03.01.2024;311933117.0
04.01.2024;339172697.0
05.01.2024;309303266.0
08.01.2024;231452935.0
09.01.2024;228568589.0
10.01.2024;216991926.0
11.01.2024;212453866.0
12.01.2024;294678459.0
15.01.2024;345543523.0
16.01.2024;292433764.0
17.01.2024;455999867.0
18.01.2024;387341268.0
19.01.2024;343055124.0
20.01.2024;162073740.0
23.01.2024;449718534.0
24.01.2024;407460664.0
25.01.2024;418143077.0
29.01.2024;376702289.0
30.01.2024;375137333.0
31.01.2024;410583065.0
01.02.2024;332541208.0
02.02.2024;442794738.0
05.02.2024;440849699.0
06.02.2024;370968111.0
07.02.2024;346263704.0
08.02.2024;491069786.0
09.02.2024;349222850.0
12.02.2024;287436165.0
13.02.2024;365785766.0
14.02.2024;359120861.0
15.02.2024;345394395.0
16.02.2024;
19.02.2024;218252325.0
20.02.2024;295705319.0
21.02.2024;364545679.0
22.02.2024;343495136.0
23.02.2024;225983194.0
26.02.2024;207775504.0
27.02.2024;252199186.0
28.02.2024;202952371.0
29.02.2024;360165824.0
